<code_scheme name="Default" version="173">
  <PHPCodeStyleSettings>
    <option name="ALIGN_KEY_VALUE_PAIRS" value="true" />
    <option name="ALIGN_INLINE_COMMENTS" value="true" />
    <option name="ALIGN_CLASS_CONSTANTS" value="true" />
  </PHPCodeStyleSettings>
  <PostgresCodeStyleSettings version="6">
    <option name="USE_GENERAL_STYLE" value="false" />
  </PostgresCodeStyleSettings>
  <codeStyleSettings language="yaml">
    <indentOptions>
      <option name="INDENT_SIZE" value="4" />
    </indentOptions>
  </codeStyleSettings>
</code_scheme>