<application>
  <component name="FileTypeManager" version="18">
    <ignoreFiles list="*$py.class;*.pyc;*.pyo;*.rbc;*.yarb;*~;.DS_Store;.git;.hg;.svn;CVS;__pycache__;_svn;vssver.scc;vssver2.scc" />
    <extensionMap>
      <mapping pattern="pint" type="AUTO_DETECTED" />
      <mapping pattern="cache" type="AUTO_DETECTED" />
      <mapping pattern=".env_develop" type="PLAIN_TEXT" />
      <mapping pattern="__init__" type="PLAIN_TEXT" />
      <mapping ext="bin" type="PLAIN_TEXT" />
      <mapping ext="doctrineql" type="SQL" />
      <removed_mapping ext="doctrineql" approved="true" type="Doctrine QL" />
      <mapping pattern="generalInformation" type="Vue.js" />
    </extensionMap>
  </component>
</application>