<application>
  <component name="FileTypeManager" version="19">
    <ignoreFiles list="*$py.class;*.pyc;*.pyo;*.rbc;*.yarb;*~;.DS_Store;.git;.hg;.mypy_cache;.pytest_cache;.ruff_cache;.svn;CVS;__pycache__;_svn;vssver.scc;vssver2.scc" />
    <extensionMap>
      <mapping pattern="pint" type="AUTO_DETECTED" />
      <mapping pattern="cache" type="AUTO_DETECTED" />
      <mapping pattern="cities" type="AUTO_DETECTED" />
      <mapping pattern="be5652a0144c8825764460e056b04cddd48174e9" type="AUTO_DETECTED" />
      <mapping pattern="ac548d0f56faed90d93bf17f5e1fa966225b7fed" type="AUTO_DETECTED" />
      <mapping pattern=".env_develop" type="PLAIN_TEXT" />
      <mapping pattern="__init__" type="PLAIN_TEXT" />
      <mapping ext="bin" type="PLAIN_TEXT" />
      <mapping ext="db" type="PLAIN_TEXT" />
      <mapping ext="costs" type="PLAIN_TEXT" />
      <mapping ext="crt" type="PLAIN_TEXT" />
      <mapping ext="doctrineql" type="SQL" />
      <mapping pattern="generalInformation" type="Vue.js" />
      <removed_mapping ext="doctrineql" approved="true" type="Doctrine QL" />
      <removed_mapping ext="log" approved="true" type="PLAIN_TEXT" />
    </extensionMap>
  </component>
</application>