<application>
  <component name="MessDetector">
    <phpmd_settings>
      <phpmd_by_interpreter interpreter_id="07ece059-95d4-463b-bb2c-4e95bdf8240b" tool_path="phpmd" timeout="30000" />
      <phpmd_by_interpreter interpreter_id="80bc0333-213f-47d0-b09b-2f32a40e2320" tool_path="phpmd" timeout="30000" />
    </phpmd_settings>
  </component>
  <component name="PhpAutoImport" auto_import_file_scope="true" global_class_behavior="PREFER_IMPORT" />
  <component name="PhpCodeSniffer">
    <phpcs_settings>
      <phpcs_by_interpreter interpreter_id="07ece059-95d4-463b-bb2c-4e95bdf8240b" standards="MySource;PEAR;PHPCS;PSR1;PSR2;Squiz;Zend" tool_path="phpcs" timeout="30000" />
    </phpcs_settings>
  </component>
  <component name="PhpInterpreters">
    <interpreters>
      <interpreter id="7c044cb6-2829-4c5e-97d6-0fbbafbd7e01" name="PHP" home="/usr/local/bin/php" debugger_id="php.debugger.XDebug" />
      <interpreter id="07ece059-95d4-463b-bb2c-4e95bdf8240b" name="PHPCS" home="docker://DATA" debugger_id="php.debugger.XDebug">
        <remote_data INTERPRETER_PATH="php" HELPERS_PATH="/opt/.phpstorm_helpers" INITIALIZED="false" VALID="true" RUN_AS_ROOT_VIA_SUDO="false" DOCKER_ACCOUNT_NAME="Docker" DOCKER_IMAGE_NAME="denisura/phpcs" DOCKER_REMOTE_PROJECT_PATH="/opt/project" />
      </interpreter>
      <interpreter id="80bc0333-213f-47d0-b09b-2f32a40e2320" name="PHPMD" home="docker://DATA" debugger_id="php.debugger.XDebug">
        <remote_data INTERPRETER_PATH="php" HELPERS_PATH="/opt/.phpstorm_helpers" INITIALIZED="false" VALID="true" RUN_AS_ROOT_VIA_SUDO="false" DOCKER_ACCOUNT_NAME="Docker" DOCKER_IMAGE_NAME="denisura/phpmd" DOCKER_REMOTE_PROJECT_PATH="/opt/project" />
      </interpreter>
    </interpreters>
  </component>
  <component name="PhpInterpretersPhpInfoCache">
    <phpInfoCache>
      <interpreter name="PHPCS">
        <phpinfo binary_type="PHP" php_cli="/usr/local/bin/php" path_separator=":" version="5.6.2">
          <additional_php_ini />
          <configuration_file>/usr/local/etc/php/php.ini</configuration_file>
          <configuration_options>
            <configuration_option name="include_path" value=".:/usr/local/lib/php" />
          </configuration_options>
          <debuggers />
          <loaded_extensions>
            <extension name="Core" />
            <extension name="PDO" />
            <extension name="Phar" />
            <extension name="Reflection" />
            <extension name="SPL" />
            <extension name="SimpleXML" />
            <extension name="ctype" />
            <extension name="curl" />
            <extension name="date" />
            <extension name="dom" />
            <extension name="ereg" />
            <extension name="fileinfo" />
            <extension name="filter" />
            <extension name="hash" />
            <extension name="iconv" />
            <extension name="json" />
            <extension name="libxml" />
            <extension name="mysqlnd" />
            <extension name="openssl" />
            <extension name="pcre" />
            <extension name="pdo_sqlite" />
            <extension name="posix" />
            <extension name="readline" />
            <extension name="session" />
            <extension name="sqlite3" />
            <extension name="standard" />
            <extension name="tokenizer" />
            <extension name="xml" />
            <extension name="xmlreader" />
            <extension name="xmlwriter" />
            <extension name="zlib" />
          </loaded_extensions>
        </phpinfo>
      </interpreter>
      <interpreter name="PHPMD">
        <phpinfo binary_type="PHP" php_cli="/usr/local/bin/php" path_separator=":" version="5.6.2">
          <additional_php_ini>/usr/local/etc/php/conf.d/ext-bz2.ini</additional_php_ini>
          <configuration_file />
          <configuration_options>
            <configuration_option name="include_path" value=".:/usr/local/lib/php" />
          </configuration_options>
          <debuggers />
          <loaded_extensions>
            <extension name="Core" />
            <extension name="PDO" />
            <extension name="Phar" />
            <extension name="Reflection" />
            <extension name="SPL" />
            <extension name="SimpleXML" />
            <extension name="bz2" />
            <extension name="ctype" />
            <extension name="curl" />
            <extension name="date" />
            <extension name="dom" />
            <extension name="ereg" />
            <extension name="fileinfo" />
            <extension name="filter" />
            <extension name="hash" />
            <extension name="iconv" />
            <extension name="json" />
            <extension name="libxml" />
            <extension name="mysqlnd" />
            <extension name="openssl" />
            <extension name="pcre" />
            <extension name="pdo_sqlite" />
            <extension name="posix" />
            <extension name="readline" />
            <extension name="session" />
            <extension name="sqlite3" />
            <extension name="standard" />
            <extension name="tokenizer" />
            <extension name="xml" />
            <extension name="xmlreader" />
            <extension name="xmlwriter" />
            <extension name="zlib" />
          </loaded_extensions>
        </phpinfo>
      </interpreter>
    </phpInfoCache>
  </component>
</application>