<application>
  <component name="ProjectManager">
    <defaultProject>
      <component name="ProjectViewState">
        <option name="hideEmptyMiddlePackages" value="true" />
        <option name="showLibraryContents" value="true" />
        <option name="sortByType" value="true" />
      </component>
      <component name="PropertiesComponent">
        <property name="last_opened_file_path" value="$USER_HOME$/work" />
        <property name="settings.editor.selected.configurable" value="vcs.Git" />
      </component>
    </defaultProject>
  </component>
</application>