<application>
  <component name="Trusted.Paths">
    <option name="TRUSTED_PROJECT_PATHS">
      <map>
        <entry key="$USER_HOME$/obuch/algo" value="true" />
        <entry key="$USER_HOME$/obuch/axiom_new_auth" value="true" />
        <entry key="$USER_HOME$/obuch/docker_server_2" value="true" />
        <entry key="$USER_HOME$/obuch/doctrine" value="true" />
        <entry key="$USER_HOME$/obuch/framework" value="true" />
        <entry key="$USER_HOME$/obuch/kafka_docker" value="true" />
        <entry key="$USER_HOME$/obuch/kafka_obuch" value="true" />
        <entry key="$USER_HOME$/obuch/laravel" value="true" />
        <entry key="$USER_HOME$/obuch/laravel-app" value="true" />
        <entry key="$USER_HOME$/obuch/mybigproject" value="true" />
        <entry key="$USER_HOME$/obuch/poem/mediawiki-sdk-php" value="true" />
        <entry key="$USER_HOME$/obuch/quick_tour" value="true" />
        <entry key="$USER_HOME$/obuch/rabbit" value="true" />
        <entry key="$USER_HOME$/obuch/revise" value="true" />
        <entry key="$USER_HOME$/obuch/roadrunner" value="true" />
        <entry key="$USER_HOME$/obuch/spiral" value="true" />
        <entry key="$USER_HOME$/obuch/sym" value="true" />
        <entry key="$USER_HOME$/obuch/symfony_rabbit_chat" value="true" />
        <entry key="$USER_HOME$/obuch/symfony_rabbitmq_chat" value="true" />
        <entry key="$USER_HOME$/obuch/test/app" value="true" />
        <entry key="$USER_HOME$/obuch/udaltsov/typhoon/reflection" value="true" />
        <entry key="$USER_HOME$/work/axiom-boilerplate" value="true" />
        <entry key="$USER_HOME$/work/axiom_api" value="true" />
        <entry key="$USER_HOME$/work/front" value="true" />
        <entry key="$USER_HOME$/work/lazurit/appsmith" value="true" />
        <entry key="$USER_HOME$/work/lazurit/availability-dates" value="true" />
        <entry key="$USER_HOME$/work/lazurit/botorchid" value="true" />
        <entry key="$USER_HOME$/work/lazurit/che-v-chate" value="true" />
        <entry key="$USER_HOME$/work/lazurit/crm-analytic" value="true" />
        <entry key="$USER_HOME$/work/lazurit/dadatabuffer" value="true" />
        <entry key="$USER_HOME$/work/lazurit/delivery-cost-service" value="true" />
        <entry key="$USER_HOME$/work/lazurit/delivery-window" value="true" />
        <entry key="$USER_HOME$/work/lazurit/delivery-windows" value="true" />
        <entry key="$USER_HOME$/work/lazurit/feederman" value="true" />
        <entry key="$USER_HOME$/work/lazurit/fenixcrm" value="true" />
        <entry key="$USER_HOME$/work/lazurit/frodo-logistic-service" value="true" />
        <entry key="$USER_HOME$/work/lazurit/greedator" value="true" />
        <entry key="$USER_HOME$/work/lazurit/herrald-service" value="true" />
        <entry key="$USER_HOME$/work/lazurit/hookman" value="true" />
        <entry key="$USER_HOME$/work/lazurit/hookman_new" value="true" />
        <entry key="$USER_HOME$/work/lazurit/kafka" value="true" />
        <entry key="$USER_HOME$/work/lazurit/laravel-starter-kit" value="true" />
        <entry key="$USER_HOME$/work/lazurit/old_delivery-cost-service" value="true" />
        <entry key="$USER_HOME$/work/lazurit/price-service" value="true" />
        <entry key="$USER_HOME$/work/lazurit/rcrmstat" value="true" />
        <entry key="$USER_HOME$/work/lazurit/transporter" value="true" />
        <entry key="$USER_HOME$/work/pkc24" value="true" />
        <entry key="$USER_HOME$/Загрузки/webeasystep-codeigniter-mail-template-f979cec05648" value="true" />
      </map>
    </option>
  </component>
</application>