<application>
  <component name="DependencyUISettings">
    <option name="UI_FILTER_LEGALS" value="true" />
  </component>
  <component name="UISettings">
    <option name="compactTreeIndents" value="true" />
    <option name="EDITOR_TAB_LIMIT" value="20" />
    <option name="EDITOR_TAB_PLACEMENT" value="4" />
    <option name="FULL_PATHS_IN_TITLE_BAR" value="true" />
    <option name="HIDE_TOOL_STRIPES" value="true" />
    <option name="OVERRIDE_NONIDEA_LAF_FONTS" value="true" />
    <option name="SHOW_EDITOR_TOOLTIP" value="false" />
    <option name="SHOW_NAVIGATION_BAR" value="false" />
  </component>
</application>