<application>
  <component name="DimensionService">
    <location key="find.popup.0.0.2928.1830@192dpi" x="308" y="166" />
    <location key="find.popup.2880.0.2928.1830@192dpi" x="322" y="178" />
    <location key="find.popup.0.330.2928.1830@192dpi" x="308" y="496" />
    <location key="find.popup.2880.330.2928.1830@192dpi" x="3188" y="496" />
    <location key="find.popup.0.330.2880.1800@192dpi" x="394" y="600" />
    <location key="find.popup.0.0.2880.1800@192dpi" x="322" y="178" />
    <location key="find.popup.5760.0.2928.1830@192dpi" x="6088" y="180" />
    <location key="find.popup.5856.0.2880.1800@192dpi" x="6094" y="214" />
    <location key="find.popup.5856.0.4384.2466@240dpi" x="6532" y="320" />
    <location key="find.popup.0.1272.2928.1830@240dpi" x="206" y="1560" />
    <location key="find.popup.0.0.2928.1830@240dpi" x="1094" y="398" />
    <location key="find.popup.0.0.3408.2130@240dpi" x="282" y="254" />
    <size key="find.popup.0.0.2928.1830@192dpi" width="1450" height="1428" />
    <size key="find.popup.2880.0.2928.1830@192dpi" width="2470" height="1452" />
    <size key="find.popup.0.330.2928.1830@192dpi" width="1450" height="1428" />
    <size key="find.popup.2880.330.2928.1830@192dpi" width="1450" height="1428" />
    <size key="find.popup.0.330.2880.1800@192dpi" width="1958" height="1428" />
    <size key="find.popup.0.0.2880.1800@192dpi" width="2472" height="1454" />
    <size key="find.popup.5760.0.2928.1830@192dpi" width="1168" height="952" />
    <size key="find.popup.5856.0.2880.1800@192dpi" width="2388" height="1454" />
    <size key="find.popup.5856.0.4384.2466@240dpi" width="1408" height="1280" />
    <size key="GridCell.Tab.0.left.5856.0.4384.2466@240dpi" width="3992" height="1438" />
    <size key="GridCell.Tab.0.center.5856.0.4384.2466@240dpi" width="3992" height="1438" />
    <size key="GridCell.Tab.0.right.5856.0.4384.2466@240dpi" width="3992" height="1438" />
    <size key="GridCell.Tab.0.bottom.5856.0.4384.2466@240dpi" width="3992" height="1438" />
    <size key="GridCell.Tab.1.left.5856.0.4384.2466@240dpi" width="3992" height="1438" />
    <size key="GridCell.Tab.1.center.5856.0.4384.2466@240dpi" width="3992" height="1438" />
    <size key="GridCell.Tab.1.right.5856.0.4384.2466@240dpi" width="3992" height="1438" />
    <size key="GridCell.Tab.1.bottom.5856.0.4384.2466@240dpi" width="3992" height="1438" />
    <size key="GridCell.Tab.2.left.5856.0.4384.2466@240dpi" width="3016" height="966" />
    <size key="GridCell.Tab.2.center.5856.0.4384.2466@240dpi" width="3016" height="966" />
    <size key="GridCell.Tab.2.right.5856.0.4384.2466@240dpi" width="3016" height="966" />
    <size key="GridCell.Tab.2.bottom.5856.0.4384.2466@240dpi" width="3016" height="966" />
    <size key="find.popup.0.1272.2928.1830@240dpi" width="2596" height="1424" />
    <size key="find.popup.0.0.2928.1830@240dpi" width="1408" height="1168" />
    <size key="GridCell.Tab.3.left.5856.0.4384.2466@240dpi" width="3016" height="966" />
    <size key="GridCell.Tab.3.center.5856.0.4384.2466@240dpi" width="3016" height="966" />
    <size key="GridCell.Tab.3.right.5856.0.4384.2466@240dpi" width="3016" height="966" />
    <size key="GridCell.Tab.3.bottom.5856.0.4384.2466@240dpi" width="3016" height="966" />
    <size key="GridCell.Tab.4.left.5856.0.4384.2466@240dpi" width="3016" height="966" />
    <size key="GridCell.Tab.4.center.5856.0.4384.2466@240dpi" width="3016" height="966" />
    <size key="GridCell.Tab.4.right.5856.0.4384.2466@240dpi" width="3016" height="966" />
    <size key="GridCell.Tab.4.bottom.5856.0.4384.2466@240dpi" width="3016" height="966" />
    <size key="GridCell.Tab.0.left.0.1272.2928.1830@240dpi" width="1996" height="722" />
    <size key="GridCell.Tab.0.center.0.1272.2928.1830@240dpi" width="1996" height="722" />
    <size key="GridCell.Tab.0.right.0.1272.2928.1830@240dpi" width="1996" height="722" />
    <size key="GridCell.Tab.0.bottom.0.1272.2928.1830@240dpi" width="1996" height="722" />
    <size key="GridCell.Tab.1.left.0.1272.2928.1830@240dpi" width="1996" height="722" />
    <size key="GridCell.Tab.1.center.0.1272.2928.1830@240dpi" width="1996" height="722" />
    <size key="GridCell.Tab.1.right.0.1272.2928.1830@240dpi" width="1996" height="722" />
    <size key="GridCell.Tab.1.bottom.0.1272.2928.1830@240dpi" width="1996" height="722" />
    <size key="GridCell.Tab.3.left.0.1272.2928.1830@240dpi" width="1996" height="432" />
    <size key="GridCell.Tab.3.center.0.1272.2928.1830@240dpi" width="1996" height="432" />
    <size key="GridCell.Tab.3.right.0.1272.2928.1830@240dpi" width="1996" height="432" />
    <size key="GridCell.Tab.3.bottom.0.1272.2928.1830@240dpi" width="1996" height="432" />
    <size key="GridCell.Tab.2.left.0.1272.2928.1830@240dpi" width="1996" height="680" />
    <size key="GridCell.Tab.2.center.0.1272.2928.1830@240dpi" width="1996" height="680" />
    <size key="GridCell.Tab.2.right.0.1272.2928.1830@240dpi" width="1996" height="680" />
    <size key="GridCell.Tab.2.bottom.0.1272.2928.1830@240dpi" width="1996" height="680" />
    <size key="GridCell.Tab.4.left.0.1272.2928.1830@240dpi" width="1996" height="680" />
    <size key="GridCell.Tab.4.center.0.1272.2928.1830@240dpi" width="1996" height="680" />
    <size key="GridCell.Tab.4.right.0.1272.2928.1830@240dpi" width="1996" height="680" />
    <size key="GridCell.Tab.4.bottom.0.1272.2928.1830@240dpi" width="1996" height="680" />
    <size key="find.popup.0.0.3408.2130@240dpi" width="3022" height="1588" />
  </component>
  <component name="WindowManager">
    <frame x="0" y="636" width="1464" height="915" extendedState="6" />
  </component>
  <component name="WindowStateApplicationService">
    <state width="891" height="124" key="ShowUsagesActions.dimensionServiceKey" timestamp="1743169169939">
      <screen x="2928" y="0" width="2192" height="1233" />
    </state>
    <state width="891" height="124" key="ShowUsagesActions.dimensionServiceKey/2928.0.2192.1233/0.636.1464.915" timestamp="1743169169939" />
    <state width="451" height="678" key="manage.recent.projects.popup" timestamp="1743166828553">
      <screen x="2928" y="0" width="2192" height="1233" />
    </state>
    <state width="351" height="586" key="manage.recent.projects.popup/0.0.1704.1065" timestamp="1738331675171" />
    <state width="451" height="678" key="manage.recent.projects.popup/2928.0.2192.1233/0.636.1464.915" timestamp="1743166828553" />
  </component>
</application>